Year,Timewindow,Connection,n_firms,firm_max,n_size_1,n_size_0,size_qant_2.5,size_quant_25,size_median,size_qant_75,size_quant_97.5,density,n_edges,av_deg,max_deg,clustering,av_assortativity,num_workers,n_inflow,av_inflow,max_inflow,inflow_median,inflow_qant_75,inflow_quant_97.5,n_outflow,av_outflow,max_outflow,outflow_median,outflow_qant_75,outflow_quant_97.5,n_flow,av_flow,max_flow,flow_median,flow_qant_75,flow_quant_97.5,flow>N
1988,1,uncon,13550.0,22887.0,127,64,0.59999999999999998,4.2000000000000002,11.0,30.0,379.27499999999964,0.00024866420337389585,22826.0,3.369151291512915,277,0.023900626320900946,-0.0055681183026692355,912757.5,32547.0,2.4019926199261992,1378.0,1.0,1.0,12.0,32547.0,2.4019926199261992,1408.0,1.0,1.0,13.0,32547.0,2.4019926199261992,803.0,0.5,1.5,12.5,380
1988,1,con,10962.0,22887.0,88,47,0.69999999999999996,5.0,13.0,40.0,451.97500000000036,0.00035632461883527576,21407.0,3.9056741470534573,277,0.02907195949475834,-0.030091834428795459,887129.19999999995,31057.0,2.8331508848750229,1378.0,1.0,2.0,15.0,31057.0,2.8331508848750229,1408.0,1.0,2.0,16.0,31057.0,2.8331508848750229,803.0,1.0,1.5,15.5,860
1988,2,uncon,20429.0,22050.5,232,151,0.40000000000000002,3.1000000000000001,8.0,21.5,271.29999999999927,0.0001974870283639738,41208.0,4.0342650154192565,450,0.033729090187111684,-0.01507234464492822,1000812.7000000001,31082.5,1.5214890596700767,1008.5,0.5,1.0,8.0,31082.5,1.5214890596700767,752.0,0.5,1.0,8.0,31082.5,1.5214890596700767,514.0,0.25,0.75,8.5,443
1988,2,con,17375.0,22050.5,172,111,0.44999999999999996,3.6000000000000001,9.3000000000000007,25.5,318.5,0.00026199075274142375,39544.0,4.551827338129496,450,0.03931232134863327,-0.029817873847339166,980597.65000000002,30184.0,1.7372086330935252,1008.5,0.5,1.0,9.5,30184.0,1.7372086330935252,752.0,0.5,1.0,9.5,30184.0,1.7372086330935252,514.0,0.5,1.0,9.75,1248
1988,3,uncon,24385.0,21361.333333333332,357,338,0.20000000000000001,2.6500000000000004,6.9000000000000004,19.0,245.46666666666593,0.00017017380849743588,50593.0,4.149518146401476,553,0.0354046686493744,-0.016542305046608391,1057259.5166666666,26916.0,1.1037933155628461,952.33333333333337,0.33333333333333331,0.66666666666666663,5.666666666666667,26915.999999999996,1.1037933155628459,605.66666666666663,0.33333333333333331,0.66666666666666663,5.666666666666667,26916.0,1.1037933155628461,484.66666666666669,0.33333333333333331,0.5,6.0,566
1988,3,con,20887.0,21361.333333333332,265,257,0.29999999999999999,3.0,8.0,22.0,281.89999999999901,0.00022317689178782895,48680.0,4.661272561880596,553,0.041333980227653326,-0.029257156803589236,1036205.05,26194.333333333332,1.254097444981727,952.33333333333337,0.33333333333333331,0.66666666666666663,6.666666666666667,26194.333333333328,1.2540974449817268,605.66666666666663,0.33333333333333331,0.66666666666666663,6.666666666666667,26194.333333333328,1.2540974449817268,484.66666666666669,0.33333333333333331,0.66666666666666663,7.0,1396
1988,4,uncon,27118.0,20790.0,435,515,0.10000000000000001,2.3999999999999999,6.2000000000000002,17.0,225.01875000000018,0.00015388678163187727,56581.0,4.172947857511616,606,0.03717883759317356,-0.014657374089809105,1101298.4583333333,23213.25,0.85600892396194406,741.75,0.25,0.5,4.5,23213.25,0.85600892396194406,458.25,0.25,0.5,4.5,23213.25,0.85600892396194406,377.75,0.25,0.375,4.625,753
1988,4,con,23237.0,20790.0,324,386,0.20000000000000001,2.7999999999999998,7.2999999999999998,20.25,269.77499999999964,0.0002017428277820706,54464.0,4.687696346344192,606,0.04338837706466753,-0.026609478224140306,1080519.8083333333,22623.25,0.97358738219219343,741.75,0.25,0.5,5.25,22623.25,0.97358738219219343,458.25,0.25,0.5,5.25,22623.25,0.97358738219219343,377.75,0.25,0.5,5.375,1470
1988,5,uncon,29887.0,20337.0,505,714,0.10000000000000001,2.1000000000000001,5.7999999999999998,16.0,213.5,0.00013899865585073203,62077.0,4.154113828754977,661,0.03759014704921865,-0.011422401942884627,1115050.6116666666,20865.0,0.69812962157459768,602.39999999999998,0.20000000000000001,0.40000000000000002,3.7999999999999998,20865.0,0.69812962157459768,386.60000000000002,0.20000000000000001,0.40000000000000002,3.7999999999999998,20865.0,0.69812962157459768,307.19999999999999,0.20000000000000001,0.40000000000000002,3.7999999999999998,998
1988,5,con,25490.0,20337.0,369,528,0.10000000000000001,2.5333333333333332,6.9000000000000004,19.0,250.69374999999945,0.0001836406295373287,59657.0,4.680816006276971,661,0.04395671733464092,-0.023285005908814903,1094369.3283333334,20322.0,0.79725382502942332,602.39999999999998,0.20000000000000001,0.40000000000000002,4.4000000000000004,20322.0,0.79725382502942332,386.60000000000002,0.20000000000000001,0.40000000000000002,4.4000000000000004,20322.0,0.79725382502942332,307.19999999999999,0.20000000000000001,0.40000000000000002,4.4000000000000004,1590
1989,1,uncon,14159.0,21214.0,140,106,0.40000000000000002,3.3999999999999999,10.0,30.0,379.09999999999854,0.00020646191472564214,20694.0,2.9230877886856415,257,0.01758476370868244,0.014380177085591759,904372.60000000009,29618.0,2.0918143936718696,992.0,1.0,1.0,10.0,29618.0,2.0918143936718696,754.0,1.0,1.0,11.0,29618.0,2.0918143936718696,507.0,0.5,1.0,11.5,634
1989,1,con,10525.0,21214.0,80,59,0.5,4.5,13.0,42.0,481.79999999999927,0.0003378681552221774,18712.0,3.5557244655581948,257,0.023656310627195705,-0.019667923515517192,866469.60000000009,27455.0,2.6085510688836107,992.0,1.0,2.0,14.899999999999636,27455.0,2.6085510688836107,754.0,1.0,2.0,15.0,27455.0,2.6085510688836107,507.0,0.5,1.5,15.5,927
1989,2,uncon,19212.0,20598.5,277,299,0.20000000000000001,2.7999999999999998,7.7999999999999998,23.0,295.0,0.00016560017660261766,30560.0,3.1813449927128876,375,0.02128965086118317,0.0047059506363838479,975548.39999999991,24100.5,1.2544503435352905,916.0,0.5,0.5,6.0,24100.5,1.2544503435352905,533.5,0.5,0.5,6.0,24100.5,1.2544503435352905,466.5,0.25,0.75,6.75,650
1989,2,con,14909.0,20598.5,174,198,0.29999999999999999,3.5,10.0,30.0,389.79999999999927,0.00025362703486744544,28186.0,3.781071835803877,375,0.027434219085455118,-0.019542544734725907,941211.25,22756.5,1.5263599168287612,916.0,0.5,1.0,8.0,22756.5,1.5263599168287612,533.5,0.5,1.0,8.1499999999996362,22756.5,1.5263599168287612,466.5,0.5,0.75,9.0,1071
1989,3,uncon,22392.0,20091.0,361,484,0.10000000000000001,2.3999999999999999,6.7999999999999998,20.0,268.74166666666622,0.0001465078516448921,36728.0,3.2804573061807787,434,0.02508107174770276,0.0038640785284273006,1019455.0833333335,20102.0,0.89773133261879245,647.33333333333337,0.33333333333333331,0.66666666666666663,4.666666666666667,20102.0,0.89773133261879245,361.0,0.33333333333333331,0.33333333333333331,4.666666666666667,20102.0,0.89773133261879245,330.0,0.16666666666666666,0.5,4.833333333333333,713
1989,3,con,17633.0,20091.0,234,325,0.20000000000000001,3.0,8.6999999999999993,26.066666666666666,344.13333333333384,0.00021930810928980196,34092.0,3.866840582997788,434,0.03155723313717999,-0.017128723748398186,987448.8666666667,19113.666666666664,1.0839713416132628,647.33333333333337,0.33333333333333331,0.66666666666666663,5.666666666666667,19113.666666666668,1.083971341613263,361.0,0.33333333333333331,0.66666666666666663,6.0,19113.666666666668,1.083971341613263,330.0,0.33333333333333331,0.66666666666666663,6.166666666666667,1216
1989,4,uncon,25511.0,19699.5,436,684,0.0,2.0499999999999998,6.0,18.0,236.08333333333334,0.00013008277795202016,42328.0,3.3184116655560345,495,0.02646523895282351,0.0052532679991462395,1033448.7083333334,17944.5,0.70340245384344013,496.75,0.25,0.5,3.75,17944.5,0.70340245384344013,295.75,0.25,0.5,3.75,17944.5,0.70340245384344013,253.75,0.125,0.375,3.875,945
1989,4,con,20184.0,19699.5,282,456,0.10000000000000001,2.7000000000000002,7.7999999999999998,23.0,303.42499999999927,0.00019327218573909213,39367.0,3.9008125247720966,495,0.03299584048051993,-0.013994577119227195,1001695.1833333333,17102.75,0.84734195402298851,496.75,0.25,0.5,4.5,17102.75,0.84734195402298851,295.75,0.25,0.5,4.75,17102.75,0.84734195402298851,253.75,0.25,0.5,4.875,1368
1989,5,uncon,29753.0,19346.200000000001,493,951,0.0,1.8999999999999999,5.5,16.0,211.04000000000013,0.00011382593625763837,50380.0,3.3865492555372567,551,0.027751850543413618,0.0070121294345605175,1062167.9433333334,17713.199999999997,0.59534164622054908,409.39999999999998,0.20000000000000001,0.40000000000000002,3.2000000000000002,17713.200000000001,0.59534164622054919,236.80000000000001,0.20000000000000001,0.40000000000000002,3.2000000000000002,17713.200000000001,0.59534164622054919,209.19999999999999,0.10000000000000001,0.29999999999999999,3.2000000000000002,1297
1989,5,con,23841.0,19346.200000000001,323,634,0.0,2.3999999999999999,6.9000000000000004,20.0,266.75,0.0001656633755678349,47079.0,3.949414873537184,551,0.03375560907197058,-0.010027391677738855,1030485.66,16950.200000000004,0.71096849964347153,409.39999999999998,0.20000000000000001,0.40000000000000002,3.7999999999999998,16950.200000000001,0.71096849964347131,236.80000000000001,0.20000000000000001,0.40000000000000002,3.7999999999999998,16950.200000000001,0.71096849964347131,209.19999999999999,0.20000000000000001,0.40000000000000002,4.0999999999999996,1582
1990,1,uncon,10511.0,19983.0,166,206,0.20000000000000001,3.1000000000000001,10.0,36.0,497.25,0.00020208089735360382,11162.0,2.123870231186376,162,0.008519856111439208,0.037603430814816714,808241.59999999998,18583.0,1.7679573779849682,840.0,1.0,1.0,8.0,18583.0,1.7679573779849682,720.0,1.0,1.0,8.0,18583.0,1.7679573779849682,426.0,0.5,1.0,8.5,636
1990,1,con,6308.0,19983.0,73,96,0.29999999999999999,4.9000000000000004,16.0,61.0,819.43499999999938,0.0004442930065626471,8838.0,2.802155992390615,162,0.013958815406997074,-0.023554133648221984,737412.69999999995,15933.0,2.5258402029169309,840.0,1.0,1.0,13.0,15933.0,2.5258402029169309,720.0,1.0,1.0,13.0,15933.0,2.5258402029169309,426.0,0.5,1.5,15.162499999999909,530
1990,2,uncon,14929.0,19529.5,260,395,0.0,2.5,8.0,27.0,381.0,0.00015861070733016593,17674.0,2.367740639024717,232,0.015288038119122348,0.02875115823253634,882286.05000000005,15344.0,1.0277982450264587,475.0,0.5,0.5,5.0,15344.0,1.0277982450264587,371.5,0.5,0.5,5.0,15344.0,1.0277982450264587,241.5,0.25,0.5,5.25,677
1990,2,con,9831.0,19529.5,130,206,0.10000000000000001,3.7000000000000002,11.4,41.0,552.25,0.0003065851548338849,14814.0,3.013732072017089,232,0.022025747236331765,-0.014478324931841365,823430.69999999995,13678.5,1.3913640524870308,475.0,0.5,1.0,7.5,13678.5,1.3913640524870308,371.5,0.5,1.0,8.0,13678.5,1.3913640524870308,241.5,0.5,0.75,8.25,788
1990,3,uncon,18785.0,19194.666666666668,344,601,0.0,2.1000000000000001,6.5500000000000007,22.0,309.66666666666305,0.00013299988800009432,23465.0,2.4982698961937717,302,0.01854955430682774,0.024335018480619083,907996.01666666672,14053.333333333332,0.74811463046757154,331.66666666666669,0.33333333333333331,0.33333333333333331,4.0,14053.333333333332,0.74811463046757154,251.66666666666666,0.33333333333333331,0.33333333333333331,4.0,14053.333333333334,0.74811463046757165,169.33333333333334,0.16666666666666666,0.33333333333333331,4.166666666666667,815
1990,3,con,12834.0,19194.666666666668,186,332,0.0,3.0,9.4000000000000004,32.158333333333331,443.64583333333269,0.00024411846984459296,20103.0,3.1327723235156615,302,0.026415774062679243,-0.011161147523197261,853701.10000000009,12751.333333333334,0.9935587761674719,331.66666666666669,0.33333333333333331,0.66666666666666663,5.666666666666667,12751.333333333334,0.9935587761674719,251.66666666666666,0.33333333333333331,0.66666666666666663,5.666666666666667,12751.333333333334,0.9935587761674719,169.33333333333334,0.33333333333333331,0.5,6.1666666666666679,926
1990,4,uncon,23785.0,18879.25,409,875,0.0,1.8999999999999999,5.7999999999999998,18.0,254.09999999999945,0.00011200234526122956,31680.0,2.663863779693084,358,0.02123875951259681,0.02303415527866803,947680.27499999991,14737.0,0.61959217994534366,263.75,0.25,0.25,3.25,14737.0,0.61959217994534366,203.0,0.25,0.25,3.0999999999994543,14737.0,0.61959217994534366,134.75,0.125,0.375,3.25,1164
1990,4,con,17039.0,18879.25,228,506,0.0,2.6000000000000001,7.9749999999999996,25.0,344.03333333333285,0.00019184977275467442,27848.0,3.268736428194143,358,0.0285030750048192,-0.0057874197127084524,898558.06666666665,13610.25,0.79877046775045479,263.75,0.25,0.5,4.25,13610.25,0.79877046775045479,203.0,0.25,0.5,4.25,13610.25,0.79877046775045479,134.75,0.25,0.5,4.625,1254
1990,5,uncon,30436.0,23500.0,520,1347,0.0,1.6250000000000002,5.0,14.300000000000001,203.0,9.40798341686929e-05,43574.0,2.863319752924169,358,0.022976821555216024,0.021315502082450637,1023518.605,15785.799999999999,0.51865553949270593,263.80000000000001,0.20000000000000001,0.40000000000000002,2.625,15785.800000000003,0.51865553949270615,364.80000000000001,0.20000000000000001,0.20000000000000001,2.6000000000000001,15785.800000000001,0.51865553949270604,182.40000000000001,0.10000000000000001,0.29999999999999999,2.7000000000000002,1785
1990,5,con,22805.0,23500.0,307,819,0.0,2.1333333333333333,6.4000000000000004,19.0,269.5899999999998,0.00015105994051824954,39279.0,3.4447708835781627,358,0.02984970580375155,-0.0020508412384201286,981320.67333333322,14777.799999999999,0.648007016005262,263.80000000000001,0.20000000000000001,0.40000000000000002,3.3999999999999999,14777.799999999999,0.648007016005262,364.80000000000001,0.20000000000000001,0.40000000000000002,3.3999999999999999,14777.799999999999,0.648007016005262,182.40000000000001,0.20000000000000001,0.40000000000000002,3.6000000000000001,1759
1991,1,uncon,8017.0,19076.0,129,218,0.0,3.0,10.0,40.0,617.59999999999945,0.0002265333372172955,7279.0,1.8158912311338407,86,0.008188058855356785,0.044508705497534433,694478.5,12105.0,1.5099164275913683,292.0,1.0,1.0,8.0,12105.0,1.5099164275913683,275.0,1.0,1.0,8.0,12105.0,1.5099164275913683,247.0,0.5,1.0,8.0,538
1991,1,con,3975.0,19076.0,36,64,0.29999999999999999,5.0,19.0,77.0,1120.5500000000006,0.000635577796558131,5020.0,2.5257861635220125,86,0.014241593587436976,-0.057325501169058983,599870.19999999995,9313.0,2.3428930817610061,292.0,1.0,1.0,14.0,9313.0,2.3428930817610061,275.0,1.0,1.0,14.0,9313.0,2.3428930817610061,247.0,0.5,1.5,14.5,354
1991,2,uncon,13001.0,18800.5,231,432,0.0,2.1000000000000001,7.2000000000000002,26.0,398.5,0.00015772751208486922,13329.0,2.0504576571032995,164,0.013357671815520148,0.030746854563755609,759068.25,11788.5,0.90673794323513579,171.0,0.5,0.5,5.0,11788.5,0.90673794323513579,185.5,0.5,0.5,5.0,11788.5,0.90673794323513579,131.75,0.25,0.5,5.25,734
1991,2,con,7390.0,18800.5,94,178,0.10000000000000001,3.7000000000000002,12.0,46.0,672.91249999999945,0.0003718360559006723,10152.0,2.747496617050068,164,0.02228187973932035,-0.034901186120495024,685747.30000000005,9857.0,1.3338294993234101,171.0,0.5,1.0,8.0,9857.0,1.3338294993234101,185.5,0.5,1.0,9.0,9857.0,1.3338294993234101,131.75,0.5,0.75,8.5687499999999091,603
1991,3,uncon,18907.0,18511.333333333332,309,720,0.0,1.95,6.0,19.350000000000001,289.66666666666669,0.00012154231949643713,21723.0,2.2978790923996404,226,0.01754663865786667,0.034071671562107879,819725.31666666665,13455.000000000002,0.71164119109324597,232.66666666666666,0.33333333333333331,0.33333333333333331,4.0,13455.0,0.71164119109324586,259.0,0.33333333333333331,0.33333333333333331,3.6666666666666665,13455.0,0.71164119109324586,155.66666666666666,0.16666666666666666,0.33333333333333331,3.8333333333333335,981
1991,3,con,12095.0,18511.333333333332,139,349,0.0,3.0,9.0,30.0,432.41666666666606,0.00024394824255608865,17842.0,2.950310045473336,226,0.02611445201358289,-0.011511013076996309,762368.6333333333,11912.666666666666,0.9849249000964585,232.66666666666666,0.33333333333333331,0.66666666666666663,5.666666666666667,11912.666666666668,0.98492490009645872,259.0,0.33333333333333331,0.66666666666666663,5.666666666666667,11912.666666666666,0.9849249000964585,155.66666666666666,0.33333333333333331,0.5,6.0,927
1991,4,uncon,26217.0,23500.0,438,1199,0.0,1.6000000000000001,5.0,15.0,215.59999999999974,9.821260222348606e-05,33751.0,2.5747415798909103,274,0.020393165869321928,0.029708228065041808,909788.48333333328,15086.5,0.57544722889728039,319.25,0.25,0.25,3.0,15086.5,0.57544722889728039,420.25,0.25,0.25,2.75,15086.5,0.57544722889728039,210.125,0.125,0.375,3.0,1600
1991,4,con,18293.0,23500.0,227,664,0.0,2.2333333333333329,6.9000000000000004,21.0,311.97500000000127,0.00017484542768836486,29253.0,3.19827256327557,274,0.028060695143643975,-0.0020076603493813273,860785.75,13756.5,0.75200896517793692,319.25,0.25,0.5,4.0,13756.5,0.75200896517793692,420.25,0.25,0.5,4.0,13756.5,0.75200896517793692,210.125,0.25,0.375,4.125,1572
1991,5,uncon,33033.0,24238.0,634,1667,0.0,1.5,4.4499999999999993,12.6,179.06666666666692,8.509768191839572e-05,46427.0,2.8109466291284475,368,0.022549952483054657,0.025070683165673242,997313.96499999997,16191.4,0.49015832652196289,276.39999999999998,0.20000000000000001,0.40000000000000002,2.6000000000000001,16191.400000000001,0.49015832652196295,386.60000000000002,0.20000000000000001,0.20000000000000001,2.3999999999999999,16191.400000000003,0.49015832652196301,193.30000000000001,0.10000000000000001,0.29999999999999999,2.5,2173
1991,5,con,24423.0,24238.0,359,1017,0.0,2.0,5.9000000000000004,17.0,248.00250000000034,0.00013930893626991044,41546.0,3.402202841583753,368,0.029783097095882723,0.0015293951908187575,954049.73999999999,15040.0,0.61581296319043521,276.39999999999998,0.20000000000000001,0.40000000000000002,3.3999999999999999,15040.0,0.61581296319043521,386.60000000000002,0.20000000000000001,0.40000000000000002,3.0,15040.0,0.61581296319043521,193.30000000000001,0.20000000000000001,0.40000000000000002,3.3999999999999999,2084
1992,1,uncon,7917.0,18525.0,129,252,0.0,2.2999999999999998,8.1999999999999993,32.0,547.0,0.00021432570090025092,6716.0,1.6966022483263863,92,0.0075641710770774665,0.041623191655476531,609551.30000000005,11472.0,1.4490337248957939,342.0,1.0,1.0,8.0,11472.0,1.4490337248957939,366.0,1.0,1.0,8.0999999999994543,11472.0,1.4490337248957939,185.0,0.5,1.0,8.5,701
1992,1,con,3438.0,18525.0,39,82,0.10000000000000001,4.0999999999999996,18.0,74.0,1130.3749999999991,0.0007105375356940173,4198.0,2.4421175101803376,92,0.01674002591154418,-0.076054735160369383,501685.5,8406.0,2.4450261780104712,342.0,1.0,1.0,16.074999999999818,8406.0,2.4450261780104712,366.0,1.0,1.0,17.0,8406.0,2.4450261780104712,185.0,0.5,1.5,17.5,391
1992,2,uncon,14929.0,18229.0,213,560,0.0,2.0,6.5,21.0,331.39999999999964,0.0001375571416745945,15328.0,2.053453010918347,157,0.013593068383806342,0.049583233457954103,714431.0,14130.0,0.94648000535869781,215.5,0.5,0.5,5.0,14130.0,0.94648000535869781,264.0,0.5,0.5,4.5,14130.0,0.94648000535869781,197.0,0.25,0.5,5.0,967
1992,2,con,8527.0,18229.0,76,238,0.0,3.2000000000000002,11.0,36.0,512.77500000000055,0.00032167281085668985,11693.0,2.7425823853641376,157,0.0211091338769217,-0.015433325712568766,646432.59999999986,11932.0,1.3993198076697548,215.5,0.5,1.0,8.0,11932.0,1.3993198076697548,264.0,0.5,1.0,8.0,11932.0,1.3993198076697548,197.0,0.5,0.75,8.5,794
1992,3,uncon,22962.0,23500.0,351,1050,0.0,1.6000000000000001,5.0999999999999996,15.0,226.97499999999854,0.00010434905013705183,27508.0,2.395958540196847,244,0.01773173435214388,0.038006078409581319,822740.53333333333,16080.333333333332,0.70030194814621249,415.66666666666669,0.33333333333333331,0.33333333333333331,3.6666666666666665,16080.333333333332,0.70030194814621249,513.0,0.33333333333333331,0.33333333333333331,3.3333333333333335,16080.333333333332,0.70030194814621249,256.5,0.16666666666666666,0.33333333333333331,3.5,1436
1992,3,con,15129.0,23500.0,168,544,0.0,2.3999999999999999,7.3666666666666671,22.5,343.33333333333212,0.00020149296693596362,23058.0,3.0481856038072577,244,0.02565642700733219,-0.0005552181688211346,769827.3666666667,14338.666666666666,0.94776037191266216,415.66666666666669,0.33333333333333331,0.66666666666666663,5.333333333333333,14338.666666666668,0.94776037191266227,513.0,0.33333333333333331,0.66666666666666663,5.0,14338.666666666668,0.94776037191266227,256.5,0.33333333333333331,0.5,5.166666666666667,1378
1992,4,uncon,30165.0,24238.0,547,1522,0.0,1.5,4.5,13.0,181.62499999999909,8.854847822016261e-05,40285.0,2.6709762970329853,340,0.02065884522069077,0.030234647743217276,919720.73333333328,17213.0,0.57062821150339793,311.75,0.25,0.25,3.0,17213.0,0.57062821150339793,447.75,0.25,0.25,2.75,17213.0,0.57062821150339793,223.875,0.125,0.375,2.9874999999997272,2014
1992,4,con,21523.0,24238.0,294,898,0.0,2.0,6.0,17.241666666666667,258.0,0.0001526538240829956,35356.0,3.2854156019142313,340,0.028164013663621992,0.0030383033434675465,873961.4916666667,15766.0,0.73251870092459226,311.75,0.25,0.5,4.0,15766.0,0.73251870092459226,447.75,0.25,0.5,3.75,15766.0,0.73251870092459226,223.875,0.25,0.375,4.0,1986
1992,5,uncon,38270.0,24350.0,644,1961,0.0,1.3999999999999999,4.0999999999999996,11.0,150.21375000000006,7.718797078945427e-05,56523.0,2.953906454141625,479,0.02360885667237849,0.015756218360897387,1013453.63,18923.200000000001,0.49446563888163053,275.0,0.20000000000000001,0.40000000000000002,2.6000000000000001,18923.200000000001,0.49446563888163053,371.60000000000002,0.20000000000000001,0.40000000000000002,2.3999999999999999,18923.200000000001,0.49446563888163053,185.90000000000001,0.10000000000000001,0.29999999999999999,2.5,2574
1992,5,con,29191.0,24350.0,383,1257,0.0,1.8,5.0999999999999996,14.15,198.0,0.00012059590889076374,51379.0,3.5201945805213937,479,0.030264269061877156,-0.0023549833694616277,972616.93999999994,17728.0,0.60731047240587854,275.0,0.20000000000000001,0.40000000000000002,3.3999999999999999,17728.0,0.60731047240587854,371.60000000000002,0.20000000000000001,0.40000000000000002,3.0,17728.0,0.60731047240587854,185.90000000000001,0.20000000000000001,0.40000000000000002,3.2250000000000005,2608
1993,1,uncon,10350.0,17933.0,127,353,0.0,2.2999999999999998,7.5999999999999996,25.0,411.27499999999964,0.00017484477717980639,9364.0,1.8094685990338164,88,0.008103542870087719,0.062630091486330475,612186.0,16788.0,1.6220289855072463,427.0,1.0,1.0,8.0,16788.0,1.6220289855072463,502.0,1.0,1.0,7.0,16788.0,1.6220289855072463,394.0,0.5,1.0,7.0,956
1993,1,con,5067.0,17933.0,35,118,0.10000000000000001,4.0999999999999996,14.0,52.0,756.04999999999836,0.0004981023725427086,6393.0,2.5233866193013617,88,0.013592198284074979,-0.036627551096065102,533988.89999999991,13129.0,2.5910795342411683,427.0,1.0,1.0,13.0,13129.0,2.5910795342411683,502.0,1.0,1.0,13.0,13129.0,2.5910795342411683,394.0,0.5,1.5,12.5,607
1993,2,uncon,19537.0,23500.0,283,861,0.0,1.8,5.5499999999999998,16.0,249.0,0.00011418096333897122,21790.0,2.2306392997901416,217,0.013718817795373775,0.040665265100201596,753618.15000000002,18384.5,0.94100936684240155,622.5,0.5,0.5,4.5,18384.5,0.94100936684240155,769.5,0.5,0.5,4.0,18384.5,0.94100936684240155,384.75,0.25,0.5,4.5,1474
1993,2,con,12063.0,23500.0,122,395,0.0,2.7000000000000002,8.0999999999999996,25.0,383.67499999999836,0.00024116191080121244,17545.0,2.9088949680842244,217,0.021403565442666334,-0.0053087409616462472,697668.75,15895.0,1.31766558899113,622.5,0.5,1.0,7.0,15895.0,1.31766558899113,769.5,0.5,1.0,6.5,15895.0,1.31766558899113,384.75,0.5,0.75,6.6124999999997272,1252
1993,3,uncon,27281.0,24238.0,492,1348,0.0,1.6000000000000001,4.7000000000000002,13.0,186.5,9.322441010097904e-05,34690.0,2.5431619075547083,315,0.017554712742705602,0.030566196112115317,863118.30000000005,19126.666666666664,0.70109844458292092,415.0,0.33333333333333331,0.33333333333333331,3.6666666666666665,19126.666666666668,0.70109844458292103,597.0,0.33333333333333331,0.33333333333333331,3.3333333333333335,19126.666666666664,0.70109844458292092,298.5,0.16666666666666666,0.33333333333333331,3.5,1824
1993,3,con,18774.0,24238.0,248,750,0.0,2.2000000000000002,6.5,18.333333333333332,278.67499999999927,0.0001693600936694956,29845.0,3.179397038457441,315,0.02480789664786859,6.6221404953837067e-05,816405.91666666663,17242.666666666668,0.91843329427222054,415.0,0.33333333333333331,0.66666666666666663,5.0,17242.666666666664,0.91843329427222031,597.0,0.33333333333333331,0.66666666666666663,4.666666666666667,17242.666666666668,0.91843329427222054,298.5,0.33333333333333331,0.5,4.833333333333333,1810
1993,4,uncon,35767.0,24350.0,596,1797,0.0,1.45,4.2000000000000002,11.199999999999999,150.25,7.975813674523869e-05,51015.0,2.8526295188302067,479,0.021306446121153528,0.014773017411777762,962779.1166666667,20786.0,0.58115022227192659,332.0,0.25,0.25,3.0,20786.0,0.58115022227192659,464.5,0.25,0.25,2.75,20786.0,0.58115022227192659,232.375,0.125,0.375,2.875,2396
1993,4,con,26693.0,24350.0,345,1107,0.0,1.8999999999999999,5.4000000000000004,14.824999999999999,203.85000000000036,0.00012872609742506879,45858.0,3.435956992469936,479,0.02817471465984706,-0.0048541491316077788,921889.94999999995,19300.25,0.72304536769939687,332.0,0.25,0.5,3.75,19300.25,0.72304536769939687,464.5,0.25,0.5,3.5,19300.25,0.72304536769939687,232.375,0.25,0.5,3.75,2382
1993,5,uncon,43892.0,24686.5,730,2190,0.0,1.3999999999999999,4.0,10.25,129.31041666666655,7.342676361525681e-05,70727.0,3.222774081837237,713,0.025068130767105515,0.0033930718200568034,1038441.3166666667,22212.599999999999,0.50607399981773438,325.60000000000002,0.20000000000000001,0.40000000000000002,2.6000000000000001,22212.599999999999,0.50607399981773438,391.0,0.20000000000000001,0.40000000000000002,2.6000000000000001,22212.599999999999,0.50607399981773438,205.80000000000001,0.10000000000000001,0.29999999999999999,2.6000000000000001,2892
1993,5,con,35111.0,24686.5,485,1487,0.0,1.8,4.8499999999999996,12.5,162.69375000000002,0.00010673396697446186,65788.0,3.747429580473356,713,0.031009951172846016,-0.0090720044317679632,1005095.5516666666,21092.399999999998,0.60073481245193805,325.60000000000002,0.20000000000000001,0.40000000000000002,3.2000000000000002,21092.400000000001,0.60073481245193816,391.0,0.20000000000000001,0.40000000000000002,3.0,21092.399999999998,0.60073481245193805,205.80000000000001,0.20000000000000001,0.40000000000000002,3.1000000000000001,3256
1994,1,uncon,13784.0,23500.0,203,574,0.0,2.0,6.2000000000000002,19.300000000000001,324.0,0.00013971638752373927,13272.0,1.9257109692396983,177,0.007353005261584024,0.02937975981867522,661526.80000000005,19981.0,1.4495792222867092,1240.0,1.0,1.0,7.0,19981.0,1.4495792222867092,1534.0,1.0,1.0,6.0,19981.0,1.4495792222867092,767.0,0.5,1.0,6.0,1501
1994,1,con,7351.0,23500.0,72,211,0.0,3.2000000000000002,10.199999999999999,36.0,546.0,0.00035854254638870923,9686.0,2.6352877159570127,177,0.013651724190678019,-0.02931256415965983,593535.40000000002,15979.0,2.1737178615154402,1240.0,1.0,1.0,11.0,15979.0,2.1737178615154402,1534.0,1.0,1.0,10.0,15979.0,2.1737178615154402,767.0,0.5,1.5,11.0,852
1994,2,uncon,22691.0,24238.0,422,1086,0.0,1.7,5.0,14.4,213.25,0.00010278934928934592,26461.0,2.332290335375259,287,0.0136054481736784,0.025328764944048655,796412.85000000009,20296.0,0.89445154466528576,620.0,0.5,0.5,4.5,20296.0,0.89445154466528576,893.0,0.5,0.5,4.0,20296.0,0.89445154466528576,446.5,0.25,0.5,4.25,1800
1994,2,con,14474.0,24238.0,194,548,0.0,2.5,7.2000000000000002,21.5,330.5,0.00020810359822358561,21797.0,3.0118833770899545,287,0.020799679276099856,-0.011146058748122138,742304.84999999998,17634.0,1.2183225093270693,620.0,0.5,1.0,6.5,17634.0,1.2183225093270693,893.0,0.5,1.0,6.0,17634.0,1.2183225093270693,446.5,0.5,0.75,6.25,1580
1994,3,uncon,31911.0,24350.0,539,1555,0.0,1.5,4.4000000000000004,12.0,161.5,8.436186427739065e-05,42952.0,2.6919870890915356,479,0.018284211409537787,0.010435378640303073,905861.98333333328,22118.666666666664,0.69313611816197129,415.33333333333331,0.33333333333333331,0.33333333333333331,3.3333333333333335,22118.666666666664,0.69313611816197129,617.66666666666663,0.33333333333333331,0.33333333333333331,3.3333333333333335,22118.666666666664,0.69313611816197129,309.0,0.16666666666666666,0.5,3.3333333333333335,2139
1994,3,con,22875.0,24350.0,301,908,0.0,2.0,5.8666666666666671,16.0,231.67499999999745,0.00014459445448599144,37829.0,3.3074535519125683,479,0.02503318631503503,-0.011650868140672566,861453.1166666667,20171.666666666668,0.88182149362477236,415.33333333333331,0.33333333333333331,0.66666666666666663,4.666666666666667,20171.666666666664,0.88182149362477225,617.66666666666663,0.33333333333333331,0.66666666666666663,4.333333333333333,20171.666666666668,0.88182149362477236,309.0,0.33333333333333331,0.5,4.5,2209
1994,4,uncon,40495.0,24686.5,681,1963,0.0,1.5,4.0999999999999996,10.6,134.75,7.657376089819681e-05,62783.0,3.1007778738115817,713,0.02326824220633216,8.0677419534916898e-05,987373.93333333335,23568.75,0.58201629830843316,386.5,0.25,0.5,3.0,23568.75,0.58201629830843316,487.5,0.25,0.5,2.75,23568.75,0.58201629830843316,249.5,0.125,0.375,2.875,2638
1994,4,con,31715.0,24686.5,446,1300,0.0,1.8999999999999999,5.0,13.0,170.62499999999818,0.0001150038837871,57836.0,3.6472331704240895,713,0.02929468079705989,-0.013497984774174781,951532.40000000002,22177.75,0.69928267381365283,386.5,0.25,0.5,3.75,22177.75,0.69928267381365283,487.5,0.25,0.5,3.5,22177.75,0.69928267381365283,249.5,0.25,0.5,3.625,2899
1994,5,uncon,47389.0,24958.200000000001,806,2054,0.0,1.5499999999999998,4.0,10.1,120.87066666666661,7.456572206533867e-05,83725.0,3.5335204372322693,983,0.027785258457616587,-0.0099260723463425668,1062145.3049999999,24966.200000000001,0.52683534153495537,362.19999999999999,0.20000000000000001,0.40000000000000002,2.6000000000000001,24966.199999999997,0.52683534153495526,406.39999999999998,0.20000000000000001,0.40000000000000002,2.6000000000000001,24966.199999999997,0.52683534153495526,236.30000000000001,0.20000000000000001,0.29999999999999999,2.7000000000000002,2780
1994,5,con,39451.0,24958.200000000001,564,1462,0.0,1.8999999999999999,4.7000000000000002,11.9,147.35000000000002,0.00010189020478436632,79288.0,4.019568578743251,983,0.0329661845423773,-0.018762568700407291,1033343.2633333333,23956.800000000003,0.60725456895896179,362.19999999999999,0.20000000000000001,0.40000000000000002,3.2000000000000002,23956.799999999996,0.60725456895896168,406.39999999999998,0.20000000000000001,0.40000000000000002,3.2000000000000002,23956.799999999999,0.60725456895896168,236.30000000000001,0.20000000000000001,0.40000000000000002,3.2000000000000002,3365
1995,1,uncon,14667.0,24976.0,280,602,0.0,2.1000000000000001,6.2999999999999998,19.0,317.0,0.00013226953518806164,14226.0,1.9398650030681122,169,0.007105580934765332,0.049388137724596742,696653.60000000009,20611.0,1.4052635167382559,666.0,1.0,1.0,7.0,20611.0,1.4052635167382559,697.0,1.0,1.0,6.3500000000003638,20611.0,1.4052635167382559,381.0,0.5,1.0,6.5,1452
1995,1,con,7685.0,24976.0,115,232,0.0,3.3999999999999999,10.300000000000001,36.0,548.89999999999964,0.00034908488415374094,10307.0,2.6823682498373453,169,0.013561165331191042,-0.020714755303400528,619543.5,16078.0,2.092127521145088,666.0,1.0,1.0,11.0,16078.0,2.092127521145088,697.0,1.0,1.0,11.0,16078.0,2.092127521145088,381.0,0.5,1.5,10.5,923
1995,2,uncon,25783.0,24775.0,424,1111,0.0,1.7,5.0,13.5,193.0,9.359787609092004e-05,31109.0,2.4131404413761004,368,0.013994297064604626,0.020509427304440532,834922.19999999995,23187.5,0.89933289376721093,333.0,0.5,0.5,4.5,23187.5,0.89933289376721093,465.0,0.5,0.5,4.5,23187.5,0.89933289376721093,254.25,0.25,0.5,4.25,1882
1995,2,con,17083.0,24775.0,220,584,0.0,2.3999999999999999,6.9000000000000004,19.5,293.47500000000036,0.00017946498024826315,26185.0,3.065620792600831,368,0.0203700537308065,-0.011517631612083065,780159.95000000007,20378.5,1.1929110811918282,333.0,0.5,1.0,6.5,20378.5,1.1929110811918282,465.0,0.5,1.0,6.0,20378.5,1.1929110811918282,254.25,0.5,0.75,6.25,1768
1995,3,uncon,35329.0,25082.0,576,1540,0.0,1.6499999999999999,4.4500000000000002,11.6,150.0,8.202688978262715e-05,51189.0,2.8978459622406523,606,0.02046367373440072,0.0057759988515811642,926642.78333333321,24764.666666666664,0.70097276081028803,222.0,0.33333333333333331,0.33333333333333331,3.3333333333333339,24764.666666666664,0.70097276081028803,360.66666666666669,0.33333333333333331,0.33333333333333331,3.3333333333333339,24764.666666666664,0.70097276081028803,188.5,0.16666666666666666,0.5,3.5,2122
1995,3,con,26832.0,25082.0,354,975,0.0,2.1000000000000001,5.5999999999999996,14.699999999999999,196.37083333333311,0.000128951534736062,46418.0,3.4598986285032796,606,0.026285571805902495,-0.011081257337417156,887851.18333333335,22985.666666666664,0.85665126217451792,222.0,0.33333333333333331,0.66666666666666663,4.666666666666667,22985.666666666668,0.85665126217451804,360.66666666666669,0.33333333333333331,0.66666666666666663,4.333333333333333,22985.666666666668,0.85665126217451804,188.5,0.33333333333333331,0.5,4.5,2392
1995,4,uncon,42738.0,25322.75,714,1643,0.0,1.7,4.2999999999999998,10.9,130.25,7.916588143273006e-05,72298.0,3.3833122747905846,882,0.025712331152734882,-0.0066230038239521102,1005856.7083333335,26212.5,0.61333005756001679,247.0,0.25,0.5,3.25,26212.5,0.61333005756001679,346.75,0.25,0.5,3.0,26212.5,0.61333005756001679,205.625,0.25,0.375,3.125,2284
1995,4,con,35105.0,25322.75,493,1131,0.0,2.0,5.0499999999999998,12.800000000000001,159.90000000000018,0.00011041072640913047,68031.0,3.875858139866116,882,0.03056431492585818,-0.016788277020837222,975296.79166666674,25005.25,0.7122988178322176,247.0,0.25,0.5,3.75,25005.25,0.7122988178322176,346.75,0.25,0.5,3.75,25005.25,0.7122988178322176,205.625,0.25,0.5,3.75,2846
1995,5,uncon,53482.0,25187.200000000001,1003,2396,0.0,1.5,3.9333333333333336,9.8000000000000007,108.38999999999942,6.975633113837826e-05,99761.0,3.7306383456116077,1076,0.028314231099095304,-0.0081466639035241168,1100106.78,29964.599999999999,0.56027448487341536,1483.4000000000001,0.20000000000000001,0.40000000000000002,2.7999999999999998,29964.600000000002,0.56027448487341536,1253.4000000000001,0.20000000000000001,0.40000000000000002,2.7999999999999998,29964.599999999999,0.56027448487341536,816.39999999999998,0.20000000000000001,0.29999999999999999,2.7999999999999998,3202
1995,5,con,45122.0,25187.200000000001,713,1712,0.0,1.8,4.5250000000000004,11.272916666666665,130.87549999999973,9.346694282528176e-05,95147.0,4.217321927219539,1076,0.03317601999708532,-0.016183592146429601,1072092.3133333335,28931.600000000002,0.64118611763662958,1483.4000000000001,0.20000000000000001,0.40000000000000002,3.2000000000000002,28931.599999999999,0.64118611763662958,1253.4000000000001,0.20000000000000001,0.40000000000000002,3.2000000000000002,28931.599999999999,0.64118611763662958,816.39999999999998,0.20000000000000001,0.40000000000000002,3.2000000000000002,3941
1996,1,uncon,17771.0,24574.0,234,609,0.0,2.0,6.0,17.100000000000001,262.75,0.00011425290050526191,18040.0,2.030274041978504,228,0.00772542306558479,0.027218959264225677,730207.59999999998,25764.0,1.4497777277587081,518.0,1.0,1.0,7.0,25764.0,1.4497777277587081,500.0,1.0,1.0,6.0,25764.0,1.4497777277587081,360.5,0.5,1.0,6.0,1698
1996,1,con,9981.0,24574.0,84,251,0.0,3.1000000000000001,9.1999999999999993,29.600000000000001,436.0,0.00027410797950976594,13652.0,2.7355976355074643,228,0.01315384162894574,-0.024986535588292148,658851.40000000002,20927.0,2.0966836990281537,518.0,1.0,1.0,10.0,20927.0,2.0966836990281537,500.0,1.0,1.0,10.0,20927.0,2.0966836990281537,360.5,0.5,1.5,11.0,1264
1996,2,uncon,29184.0,25135.0,407,1074,0.0,1.8999999999999999,5.0,13.0,172.0424999999999,9.06095030392003e-05,38585.0,2.6442571271929824,476,0.016247805271795382,0.0096696455706137881,854141.40000000002,26841.5,0.91973341557017541,324.5,0.5,0.5,4.5,26841.5,0.91973341557017541,250.0,0.5,0.5,4.5,26841.5,0.91973341557017541,215.75,0.25,0.5,4.5,1921
1996,2,con,21014.0,25135.0,214,635,0.0,2.3999999999999999,6.5,17.350000000000001,242.33749999999964,0.00015406036221233489,34014.0,3.237270391167793,476,0.02234268974899632,-0.012119895810537207,809111.59999999998,24331.0,1.1578471495193681,324.5,0.5,1.0,6.0,24331.0,1.1578471495193681,250.0,0.5,1.0,6.0,24331.0,1.1578471495193681,215.75,0.5,0.75,6.0,2135
1996,3,uncon,37490.0,25438.333333333332,565,1192,0.0,1.8999999999999999,4.7000000000000002,11.800000000000001,143.89500000000066,8.53469876370457e-05,59976.0,3.199573219525207,763,0.02288284022107843,-0.0051119856149317447,942686.1166666667,28079.666666666664,0.7489908420023117,288.0,0.33333333333333331,0.66666666666666663,3.6666666666666661,28079.666666666668,0.74899084200231181,230.0,0.33333333333333331,0.66666666666666663,3.6666666666666661,28079.666666666668,0.74899084200231181,231.16666666666666,0.16666666666666666,0.5,3.7958333333335759,1769
1996,3,con,30103.0,25438.333333333332,360,790,0.0,2.2000000000000002,5.5999999999999996,14.199999999999999,174.81666666666689,0.0001232850022267468,55858.0,3.7111251370295317,763,0.027985395028897363,-0.017099079856378388,908824.6166666667,26556.666666666664,0.88219335835852453,288.0,0.33333333333333331,0.66666666666666663,4.666666666666667,26556.666666666672,0.88219335835852475,230.0,0.33333333333333331,0.66666666666666663,4.666666666666667,26556.666666666664,0.88219335835852453,231.16666666666666,0.33333333333333331,0.66666666666666663,4.666666666666667,2504
1996,4,uncon,48766.0,25240.0,861,1959,0.0,1.6000000000000001,4.1125000000000007,10.35,113.29375,7.367558820152606e-05,87603.0,3.5927900586474184,958,0.026161281779056446,-0.006106947401896874,1041039.5833333334,32303.0,0.662408235245868,1823.25,0.25,0.5,3.25,32303.0,0.662408235245868,1566.75,0.25,0.5,3.25,32303.0,0.662408235245868,988.25,0.25,0.375,3.25,2702
1996,4,con,40586.0,25240.0,583,1373,0.0,1.8999999999999999,4.875,12.0,141.10312500000001,0.00010088497705971081,83088.0,4.094416793968364,958,0.03115477588094741,-0.015224915261468923,1010613.7166666666,31062.25,0.76534396097176371,1823.25,0.25,0.5,3.75,31062.25,0.76534396097176371,1566.75,0.25,0.5,3.75,31062.25,0.76534396097176371,988.25,0.25,0.5,3.796875,3495
1996,5,uncon,57849.0,25240.0,1023,2533,0.0,1.5,3.8999999999999999,9.6666666666666661,103.0,6.845644541001801e-05,114543.0,3.9600684540787223,958,0.029549553723341494,-0.0061379267332201965,1145089.5050000001,35717.200000000004,0.61742121730712729,1458.5999999999999,0.20000000000000001,0.40000000000000002,3.0,35717.199999999997,0.61742121730712718,1462.8,0.20000000000000001,0.40000000000000002,3.0,35717.200000000004,0.61742121730712729,790.60000000000002,0.20000000000000001,0.40000000000000002,2.8999999999999999,3463
1996,5,con,49733.0,25240.0,735,1855,0.0,1.7999999999999998,4.4333333333333336,10.966666666666667,119.76399999999964,8.901390094867228e-05,110080.0,4.42683932197937,958,0.034127148305449384,-0.013667040957438719,1118586.1683333332,34729.000000000007,0.69830896989926217,1458.5999999999999,0.20000000000000001,0.40000000000000002,3.3999999999999999,34728.999999999993,0.69830896989926194,1462.8,0.20000000000000001,0.40000000000000002,3.3999999999999999,34729.0,0.69830896989926206,790.60000000000002,0.20000000000000001,0.40000000000000002,3.2999999999999998,4478
1997,1,uncon,19513.0,25696.0,243,552,0.0,2.3999999999999999,6.4000000000000004,17.300000000000001,250.0,0.0001157594981884324,22037.0,2.258699328652693,290,0.009459262991686075,0.02553793910295124,785348.09999999998,27919.0,1.4307897299236407,331.0,1.0,1.0,7.0,27919.0,1.4307897299236407,342.0,1.0,1.0,7.0,27919.0,1.4307897299236407,248.0,0.5,1.0,7.0,1505
1997,1,con,12454.0,25696.0,113,275,0.10000000000000001,3.2000000000000002,9.0,26.0,361.86999999999972,0.0002330651800633881,18073.0,2.902360687329372,290,0.014518382213754916,-0.010753486027534015,724855.0,23697.0,1.9027621647663402,331.0,1.0,1.0,10.0,23697.0,1.9027621647663402,342.0,1.0,1.0,10.0,23697.0,1.9027621647663402,248.0,0.5,1.5,10.0,1465
1997,2,uncon,29814.0,25870.5,432,699,0.10000000000000001,2.2000000000000002,5.5250000000000004,14.1,171.5,9.89711609737503e-05,43985.0,2.950627222110418,582,0.01866199654401937,0.00089043562737062601,898863.65000000002,29237.5,0.98066344670289129,326.5,0.5,0.5,5.0,29237.5,0.98066344670289129,308.0,0.5,0.5,5.0,29237.5,0.98066344670289129,242.0,0.25,0.75,5.0,1414
1997,2,con,23236.0,25870.5,262,447,0.10000000000000001,2.7000000000000002,6.7999999999999998,17.5,222.0,0.00014930861830238045,40305.0,3.46918574625581,582,0.02385187202172176,-0.014549534101404749,861845.75,27229.0,1.1718454122912723,326.5,0.5,1.0,6.0,27229.0,1.1718454122912723,308.0,0.5,1.0,6.0,27229.0,1.1718454122912723,242.0,0.5,0.75,6.0,1874
1997,3,uncon,42195.0,25462.0,736,1483,0.0,1.8,4.5999999999999996,11.6,129.24833333333348,8.077507994477772e-05,71905.0,3.4082237231899515,786,0.023226397818773933,-0.00051551856930596106,1006982.85,34482.666666666672,0.81722162973496082,2360.6666666666665,0.33333333333333331,0.66666666666666663,4.0,34482.666666666672,0.81722162973496082,2089.0,0.33333333333333331,0.66666666666666663,4.0,34482.666666666664,0.8172216297349606,1247.8333333333333,0.16666666666666666,0.5,4.0,2137
1997,3,con,34565.0,25462.0,483,1010,0.0,2.1499999999999999,5.4499999999999993,13.75,162.32000000000019,0.00011326983524112143,67662.0,3.9150585852741213,786,0.028027518857124237,-0.011436755866178774,975193.29999999993,32949.333333333336,0.9532571483678095,2360.6666666666665,0.33333333333333331,0.66666666666666663,4.666666666666667,32949.333333333336,0.9532571483678095,2089.0,0.33333333333333331,0.66666666666666663,4.666666666666667,32949.333333333328,0.95325714836780928,1247.8333333333333,0.33333333333333331,0.66666666666666663,4.666666666666667,3093
1997,4,uncon,51851.0,25462.0,913,2068,0.0,1.6000000000000001,4.2000000000000002,10.5,110.97499999999999,7.370202360308924e-05,99073.0,3.821449923820177,833,0.02787794012188174,-0.0015610856571382852,1114084.2916666667,38205.5,0.73683246224759402,1770.5,0.25,0.5,3.5,38205.5,0.73683246224759402,1818.5,0.25,0.5,3.5,38205.5,0.73683246224759402,935.875,0.25,0.375,3.375,2911
1997,4,con,44323.0,25462.0,649,1488,0.0,1.8999999999999999,4.8499999999999996,12.0,132.19999999999999,9.661875557158393e-05,94903.0,4.282336484443743,833,0.03221801487398618,-0.010037793634616272,1088222.4416666667,37057.25,0.83607269363535863,1770.5,0.25,0.5,4.0,37057.25,0.83607269363535863,1818.5,0.25,0.5,4.0,37057.25,0.83607269363535863,935.875,0.25,0.5,3.875,3981
1997,5,uncon,59888.0,25462.0,1041,2670,0.0,1.5,3.9333333333333336,9.7999999999999989,101.375,6.8810017883846e-05,123394.0,4.120825541009885,950,0.030730953553451408,-0.0033817307225968269,1193564.3816666666,37736.400000000001,0.63011621693828479,1416.4000000000001,0.20000000000000001,0.40000000000000002,3.0,37736.400000000001,0.63011621693828479,1527.4000000000001,0.20000000000000001,0.40000000000000002,3.0,37736.400000000001,0.63011621693828479,767.60000000000002,0.20000000000000001,0.40000000000000002,2.8999999999999999,3738
1997,5,con,52595.0,25462.0,778,2001,0.0,1.7000000000000002,4.4500000000000002,11.0,114.70000000000002,8.63110414272429e-05,119376.0,4.539442912824413,950,0.03471968843189964,-0.0099848539517653906,1171930.6233333333,36834.200000000004,0.70033653389105432,1416.4000000000001,0.20000000000000001,0.40000000000000002,3.3999999999999995,36834.199999999997,0.70033653389105421,1527.4000000000001,0.20000000000000001,0.40000000000000002,3.3999999999999995,36834.199999999997,0.70033653389105421,767.60000000000002,0.20000000000000001,0.40000000000000002,3.2999999999999998,4919
1998,1,uncon,19652.0,26045.0,271,227,0.29999999999999999,3.0,7.2999999999999998,19.800000000000001,255.0,0.00012329437302959853,23807.0,2.4228577244046408,345,0.011482220392203228,0.01326178546354633,825221.30000000005,30556.0,1.5548544677386527,389.0,1.0,1.0,8.0,30556.0,1.5548544677386527,538.0,1.0,1.0,8.0,30556.0,1.5548544677386527,275.0,0.5,1.0,7.3624999999992724,1009
1998,1,con,13294.0,26045.0,129,119,0.40000000000000002,3.7999999999999998,9.9000000000000004,27.0,358.0,0.00022898740632643324,20233.0,3.043929592297277,345,0.016973717101517807,-0.017712242579311567,764540.39999999991,26715.0,2.0095531818865653,389.0,1.0,2.0,10.674999999999272,26715.0,2.0095531818865653,538.0,1.0,2.0,10.0,26715.0,2.0095531818865653,275.0,1.0,1.5,10.5,1220
1998,2,uncon,34546.0,25345.0,603,1037,0.0,2.0,5.2750000000000004,13.65,159.1875,8.776331476851307e-05,52368.0,3.031783708678284,555,0.018348899004775265,0.010698011808346638,969557.54999999993,37764.5,1.0931656342268279,3409.0,0.5,0.5,5.0,37764.5,1.0931656342268279,3133.5,0.5,0.5,5.0,37764.5,1.0931656342268279,1760.75,0.25,0.75,5.0,1969
1998,2,con,26813.0,25345.0,359,617,0.10000000000000001,2.5,6.5,16.850000000000001,203.35000000000036,0.00013361335793954203,48028.0,3.582441353075001,555,0.023214400913200022,-0.0058118328312221634,930005.79999999993,35449.0,1.3220825718867713,3409.0,0.5,1.0,6.5,35449.0,1.3220825718867713,3133.5,0.5,1.0,6.5,35449.0,1.3220825718867713,1760.75,0.5,0.75,6.25,2448
1998,3,uncon,45324.0,25345.0,801,1641,0.0,1.7999999999999998,4.5999999999999996,11.699999999999999,126.3812499999989,7.77959649273183e-05,79905.0,3.5259465184008474,668,0.024376067957049823,0.0066342400361950604,1085912.2999999998,41634.333333333336,0.9185935339628748,2272.6666666666665,0.33333333333333331,0.66666666666666663,4.333333333333333,41634.333333333336,0.9185935339628748,2394.3333333333335,0.33333333333333331,0.66666666666666663,4.333333333333333,41634.333333333336,0.9185935339628748,1200.3333333333333,0.33333333333333331,0.5,4.0,2454
1998,3,con,37591.0,25345.0,535,1108,0.0,2.1000000000000001,5.4666666666666677,13.800000000000001,157.73333333333332,0.00010697035564363103,75577.0,4.0210156686440905,668,0.028927692907486542,-0.0048330701514512171,1056208.8166666667,40054.666666666664,1.0655387371090597,2272.6666666666665,0.33333333333333331,0.66666666666666663,5.0,40054.666666666664,1.0655387371090597,2394.3333333333335,0.33333333333333331,0.66666666666666663,5.0,40054.666666666664,1.0655387371090597,1200.3333333333333,0.33333333333333331,0.66666666666666663,4.833333333333333,3434
1998,4,uncon,53969.0,25345.0,940,2250,0.0,1.6000000000000001,4.2000000000000002,10.6,110.0,7.170159729286894e-05,104419.0,3.869591802701551,785,0.02824949016671524,0.0017614363303094316,1169011.0666666667,40190.75,0.7447006614908559,1704.5,0.25,0.5,3.5,40190.75,0.7447006614908559,1886.5,0.25,0.5,3.5,40190.75,0.7447006614908559,947.5,0.25,0.5,3.375,3278
1998,4,con,46533.0,25345.0,677,1616,0.0,1.8999999999999999,4.8666666666666663,12.1,129.0,9.264325952909758e-05,100299.0,4.310876152407968,785,0.03237265456358829,-0.0063449605522034845,1145284.3500000001,39037.25,0.83891539337674337,1704.5,0.25,0.5,4.0,39037.25,0.83891539337674337,1886.5,0.25,0.5,4.0,39037.25,0.83891539337674337,947.5,0.25,0.5,3.875,4258
1998,5,uncon,61559.0,25345.0,1086,2872,0.0,1.45,3.8999999999999999,9.8666666666666671,103.0,6.749899662587404e-05,127892.0,4.155103234295554,1038,0.031056684798230958,-0.0033535249181070453,1247973.9133333333,39606.399999999994,0.64338926883152736,1363.5999999999999,0.20000000000000001,0.40000000000000002,3.0,39606.400000000001,0.64338926883152747,1562.4000000000001,0.20000000000000001,0.40000000000000002,3.0,39606.400000000009,0.64338926883152758,785.29999999999995,0.20000000000000001,0.40000000000000002,3.0,4078
1998,5,con,54217.0,25345.0,823,2174,0.0,1.7,4.4500000000000002,11.0,116.49199999999973,8.426943150744149e-05,123852.0,4.568751498607448,1038,0.035093269506384285,-0.0094706523199184194,1225917.6500000001,38692.199999999997,0.71365438884482724,1363.5999999999999,0.20000000000000001,0.40000000000000002,3.4000000000000004,38692.199999999997,0.71365438884482724,1562.4000000000001,0.20000000000000001,0.40000000000000002,3.4000000000000004,38692.199999999997,0.71365438884482724,785.29999999999995,0.20000000000000001,0.40000000000000002,3.4000000000000004,5196
1999,1,uncon,25458.0,24645.0,410,899,0.0,2.1000000000000001,5.9000000000000004,16.399999999999999,203.78750000000036,9.451548113865297e-05,30627.0,2.406080603346689,273,0.0097150935590456,0.044692313229020154,883219.30000000005,44973.0,1.7665566815932123,6429.0,1.0,1.0,7.0,44973.0,1.7665566815932123,6267.0,1.0,1.0,8.0,44973.0,1.7665566815932123,3259.5,0.5,1.0,7.0,2429
1999,1,con,16911.0,24645.0,193,427,0.0,3.0,8.3000000000000007,23.300000000000001,310.25,0.00018039969295544235,25794.0,3.05055880787653,273,0.014477372823971555,0.008081058506572085,820247.5,39825.0,2.3549760510910058,6429.0,1.0,2.0,11.0,39825.0,2.3549760510910058,6267.0,1.0,2.0,11.0,39825.0,2.3549760510910058,3259.5,0.5,1.5,9.5,2216
1999,2,uncon,38620.0,24645.0,653,1539,0.0,1.8,4.9000000000000004,13.0,145.52625000000006,7.892638341323527e-05,58858.0,3.048058001035733,499,0.01750853982550758,0.018094927172577959,1025989.3000000002,47173.5,1.2214785085447954,3214.5,0.5,0.5,5.0,47173.5,1.2214785085447954,3532.5,0.5,0.5,5.5,47173.5,1.2214785085447954,1769.75,0.25,0.75,5.0,2723
1999,2,con,30018.0,24645.0,400,942,0.0,2.2999999999999998,6.1999999999999993,16.0,186.37250000000023,0.00011986678133373832,54003.0,3.598041175294823,499,0.022270409134333913,0.00027621707106145369,985811.30000000005,44528.5,1.4833932973549204,3214.5,0.5,1.0,6.5,44528.5,1.4833932973549204,3532.5,0.5,1.0,6.5,44528.5,1.4833932973549204,1769.75,0.5,0.75,6.25,3180
1999,3,uncon,48341.0,24645.0,821,2164,0.0,1.6000000000000001,4.4000000000000004,11.350000000000001,120.0,7.16688281516677e-05,83738.0,3.4644711528516168,785,0.023142570691886785,0.0066289078496313946,1119238.6666666665,43402.333333333336,0.89783689483737072,2143.0,0.33333333333333331,0.66666666666666663,4.0,43402.333333333336,0.89783689483737072,2476.0,0.33333333333333331,0.66666666666666663,4.0,43402.333333333336,0.89783689483737072,1242.8333333333333,0.33333333333333331,0.5,3.8333333333333335,3203
1999,3,con,40126.0,24645.0,562,1484,0.0,2.0,5.2000000000000002,13.449999999999999,145.71250000000001,9.829597515489759e-05,79131.0,3.9441260030902656,785,0.027352215765750386,-0.0041446077220758295,1088742.1166666667,41703.666666666664,1.0393178155476914,2143.0,0.33333333333333331,0.66666666666666663,4.666666666666667,41703.666666666672,1.0393178155476916,2476.0,0.33333333333333331,0.66666666666666663,5.0,41703.666666666664,1.0393178155476914,1242.8333333333333,0.33333333333333331,0.66666666666666663,4.5,4169
1999,4,uncon,56512.0,24645.0,987,2791,0.0,1.45,4.0333333333333341,10.35,108.51124999999993,6.729189296031583e-05,107450.0,3.8027321630804076,1038,0.027173024218344763,-0.0006853983823638598,1201746.3666666667,41869.0,0.74088689127972818,1607.25,0.25,0.5,3.5,41869.0,0.74088689127972818,1923.5,0.25,0.5,3.5,41869.0,0.74088689127972818,966.25,0.25,0.375,3.375,4002
1999,4,con,48615.0,24645.0,730,2064,0.0,1.7,4.7000000000000002,11.866666666666665,126.45625000000018,8.721530442290828e-05,103061.0,4.239884809215263,1038,0.03127502371614594,-0.0080940534419959905,1174961.9000000001,40634.25,0.8358377044122185,1607.25,0.25,0.5,4.0,40634.25,0.8358377044122185,1923.5,0.25,0.5,4.0,40634.25,0.8358377044122185,966.25,0.25,0.5,3.875,4983
1999,5,uncon,62757.0,24645.0,1100,3250,0.0,1.3500000000000001,3.8499999999999996,9.8000000000000007,103.18249999999978,6.512223585047122e-05,128238.0,4.086811033032172,1233,0.030566460304120118,-0.0073103119730466475,1262572.3149999999,40120.599999999999,0.6393007951304237,1285.8,0.20000000000000001,0.40000000000000002,3.0,40120.599999999999,0.6393007951304237,1617.5999999999999,0.20000000000000001,0.40000000000000002,3.0,40120.599999999999,0.6393007951304237,816.20000000000005,0.20000000000000001,0.40000000000000002,3.0,4592
1999,5,con,55026.0,24645.0,839,2490,0.0,1.6000000000000001,4.3499999999999996,11.0,117.84999999999999,8.188174165009568e-05,123961.0,4.505542834296515,1233,0.03453990263946123,-0.013210612000927881,1239045.6100000001,39150.200000000004,0.71148547959146591,1285.8,0.20000000000000001,0.40000000000000002,3.3999999999999999,39150.199999999997,0.7114854795914658,1617.5999999999999,0.20000000000000001,0.40000000000000002,3.3999999999999999,39150.199999999997,0.7114854795914658,816.20000000000005,0.20000000000000001,0.40000000000000002,3.3999999999999999,5681
2000,1,uncon,25386.0,19660.0,384,831,0.0,2.2000000000000002,6.2999999999999998,17.399999999999999,211.0,9.523859623951394e-05,30687.0,2.4176317655400617,376,0.010008469068176696,0.017324858990424342,911614.69999999984,49374.0,1.9449302765303711,4413.0,1.0,1.0,8.0,49374.0,1.9449302765303711,6887.0,1.0,1.0,8.0,49374.0,1.9449302765303711,3448.5,0.5,1.0,7.5,2255
2000,1,con,16812.0,19660.0,172,422,0.0,3.2000000000000002,8.9000000000000004,25.024999999999999,330.0,0.00018318874605870335,25887.0,3.079586009992862,376,0.015112716854909202,-0.014989436029844361,846924.40000000002,44238.0,2.6313347608850819,4413.0,1.0,2.0,11.0,44238.0,2.6313347608850819,6887.0,1.0,2.0,11.0,44238.0,2.6313347608850819,3448.5,0.5,1.5,11.0,2155
2000,2,uncon,38119.0,19091.099999999999,593,1505,0.0,1.8,5.0999999999999996,13.5,149.5,7.756534441525618e-05,56352.0,2.956635798420735,674,0.017017095298933204,0.0059149368267165459,1036278.95,42617.0,1.1179988981872557,2206.5,0.5,0.5,5.0,42617.0,1.1179988981872557,3625.0,0.5,0.5,5.0,42617.0,1.1179988981872557,1818.75,0.25,0.75,5.0,2792
2000,2,con,29379.0,19091.099999999999,340,928,0.0,2.3999999999999999,6.4000000000000004,16.899999999999999,195.60999999999984,0.00011918253447377345,51433.0,3.5013444977705164,674,0.021691502627728454,-0.0094999729709250511,994279.45000000007,39936.0,1.3593383028693966,2206.5,0.5,1.0,6.0,39936.0,1.3593383028693966,3625.0,0.5,1.0,6.0,39936.0,1.3593383028693966,1818.75,0.5,0.75,6.0,3144
2000,3,uncon,47698.0,17577.399999999998,783,2166,0.0,1.6000000000000001,4.5,11.699999999999999,125.77333333333178,7.076499128719067e-05,80497.0,3.3752777894251333,929,0.02255290058981303,-0.00056686448653524334,1128109.55,40834.333333333328,0.85610158357443344,1471.0,0.33333333333333331,0.66666666666666663,4.0,40834.333333333328,0.85610158357443344,2505.3333333333335,0.33333333333333331,0.66666666666666663,4.0,40834.333333333336,0.85610158357443367,1258.0,0.33333333333333331,0.5,3.8333333333333335,3240
2000,3,con,39343.0,17577.399999999998,530,1504,0.0,2.0,5.3499999999999996,13.9,151.78666666666589,9.798994336276632e-05,75836.0,3.855120351777953,929,0.027016112624852432,-0.010195578553602473,1093507.4666666668,39108.000000000007,0.99402689169610881,1471.0,0.33333333333333331,0.66666666666666663,4.666666666666667,39108.0,0.99402689169610858,2505.3333333333335,0.33333333333333331,0.66666666666666663,4.666666666666667,39108.0,0.99402689169610858,1258.0,0.33333333333333331,0.66666666666666663,4.5,4014
2000,4,uncon,54598.0,17523.25,901,2643,0.0,1.5,4.2000000000000002,10.71875,114.86124999999956,6.812200515862157e-05,101532.0,3.7192571156452616,1124,0.026974903320277903,-0.0075498625865372329,1190813.0166666666,38907.5,0.71261767830323453,1103.25,0.25,0.5,3.5,38907.5,0.71261767830323453,1977.5,0.25,0.5,3.5,38907.5,0.71261767830323453,997.5,0.25,0.375,3.25,3858
2000,4,con,46599.0,17523.25,651,1950,0.0,1.7999999999999998,4.8499999999999996,12.350000000000001,136.75,8.943363418150607e-05,97099.0,4.167428485589819,1124,0.031226187360541297,-0.014806756124924287,1162509.6333333333,37664.5,0.80826841777720548,1103.25,0.25,0.5,4.0,37664.5,0.80826841777720548,1977.5,0.25,0.5,4.0,37664.5,0.80826841777720548,997.5,0.25,0.5,3.75,4701
2000,5,uncon,61544.0,18576.200000000001,1039,3279,0.0,1.3666666666666665,3.8999999999999999,10.0425,106.66583333333232,6.585274117653477e-05,124712.0,4.052775250227479,1425,0.030564622810675283,-0.016287550760278227,1262183.0283333333,38835.200000000004,0.63101520863122329,882.60000000000002,0.20000000000000001,0.40000000000000002,3.2000000000000002,38835.200000000004,0.63101520863122329,1650.4000000000001,0.20000000000000001,0.40000000000000002,3.0,38835.199999999997,0.63101520863122318,837.10000000000002,0.20000000000000001,0.40000000000000002,3.0,4614
2000,5,con,53628.0,18576.200000000001,780,2504,0.0,1.6000000000000001,4.4666666666666668,11.4,123.71299999999989,8.369876112995847e-05,120355.0,4.488513463116282,1425,0.03470952635924388,-0.02199604292652441,1237123.6133333335,37858.200000000004,0.705940926381741,882.60000000000002,0.20000000000000001,0.40000000000000002,3.6000000000000005,37858.200000000004,0.705940926381741,1650.4000000000001,0.20000000000000001,0.40000000000000002,3.3999999999999995,37858.199999999997,0.70594092638174077,837.10000000000002,0.20000000000000001,0.40000000000000002,3.3999999999999995,5687
2001,1,uncon,24686.0,23905.0,337,847,0.0,2.2000000000000002,6.2999999999999998,17.674999999999997,225.96250000000001,9.151031753230131e-05,27882.0,2.2589321882848576,365,0.008177444227165466,0.023646575296502832,904277.89999999991,35860.0,1.452645224013611,2289.0,1.0,1.0,7.0,35860.0,1.452645224013611,705.0,1.0,1.0,7.0,35860.0,1.452645224013611,1488.5,0.5,1.0,6.5,2392
2001,1,con,15705.0,23905.0,144,393,0.060000000000002274,3.1000000000000001,9.0,26.600000000000001,346.65999999999929,0.0001848021573253551,22789.0,2.9021330786373767,365,0.012715805254704872,-0.0098330821192672523,831292.40000000002,30414.0,1.9365807067812799,2289.0,1.0,2.0,10.0,30414.0,1.9365807067812799,705.0,1.0,1.0,10.0,30414.0,1.9365807067812799,1488.5,0.5,1.5,9.0,2017
2001,2,uncon,37226.0,23132.0,581,1568,0.0,1.8,5.0999999999999996,13.600000000000001,159.0,7.625396102155974e-05,52834.0,2.8385536990275613,641,0.015756275768467776,0.011338908248638065,1027352.3500000001,36564.5,0.98223016171493038,1516.0,0.5,0.5,4.5,36564.5,0.98223016171493038,357.5,0.5,0.5,4.5,36564.5,0.98223016171493038,936.75,0.25,0.75,4.75,2862
2001,2,con,28369.0,23132.0,350,973,0.0,2.2999999999999998,6.4000000000000004,17.100000000000001,204.39999999999964,0.00011886848042009902,47831.0,3.372061052557369,641,0.019930550545442148,-0.0045450720911845415,980002.0,33817.5,1.1920582325778137,1516.0,0.5,1.0,6.0,33817.5,1.1920582325778137,357.5,0.5,1.0,6.0,33817.5,1.1920582325778137,936.75,0.5,0.75,6.0,3060
2001,3,uncon,45342.0,22787.666666666668,726,2074,0.0,1.6000000000000001,4.5999999999999996,12.0,136.84249999999957,7.228342668788186e-05,74302.0,3.2774028494552514,855,0.022302315723626735,-0.00052861049753975223,1099000.0833333333,35418.666666666664,0.78114478114478114,1027.3333333333333,0.33333333333333331,0.66666666666666663,4.0,35418.666666666672,0.78114478114478125,384.33333333333331,0.33333333333333331,0.66666666666666663,4.0,35418.666666666672,0.78114478114478125,640.0,0.33333333333333331,0.5,3.8333333333333335,3133
2001,3,con,36928.0,22787.666666666668,484,1441,0.0,2.0,5.5,14.35,166.56083333333325,0.00010204597538663453,69577.0,3.768251733102253,855,0.026629249698711513,-0.011224182247872444,1061759.8666666667,33666.666666666664,0.91168399768919695,1027.3333333333333,0.33333333333333331,0.66666666666666663,4.666666666666667,33666.666666666664,0.91168399768919695,384.33333333333331,0.33333333333333331,0.66666666666666663,4.666666666666667,33666.666666666664,0.91168399768919695,640.0,0.33333333333333331,0.66666666666666663,4.5,3844
2001,4,uncon,53019.0,22787.75,867,2734,0.0,1.4333333333333333,4.2000000000000002,11.0,121.20000000000002,6.954631395282988e-05,97746.0,3.6872064731511345,1168,0.027706987269047127,-0.013076132065602925,1174442.9833333334,36200.5,0.68278353043248652,784.5,0.25,0.5,3.5,36200.5,0.68278353043248652,684.75,0.25,0.5,3.5,36200.5,0.68278353043248652,734.625,0.25,0.375,3.375,3925
2001,4,con,44844.0,22787.75,611,1998,0.0,1.75,4.9000000000000004,12.699999999999999,146.89437499999968,9.269000919297675e-05,93197.0,4.156498082240656,1168,0.03197744978185738,-0.020767358255568375,1144152.9416666667,34922.25,0.77874966550709124,784.5,0.25,0.5,4.0,34922.25,0.77874966550709124,684.75,0.25,0.5,4.0,34922.25,0.77874966550709124,734.625,0.25,0.5,3.875,4702
2001,5,uncon,60230.0,22927.200000000001,1018,3525,0.0,1.3,3.8999999999999999,10.125,110.59999999999999,6.715693358152034e-05,121809.0,4.0447949526813884,1513,0.032070876467133705,-0.023719005663942864,1241746.3433333335,36106.399999999994,0.59947534451270124,627.60000000000002,0.20000000000000001,0.40000000000000002,3.0,36106.399999999994,0.59947534451270124,547.79999999999995,0.20000000000000001,0.40000000000000002,3.0,36106.400000000001,0.59947534451270135,587.70000000000005,0.20000000000000001,0.40000000000000002,3.0,4858
2001,5,con,52045.0,22927.200000000001,749,2623,0.0,1.6000000000000001,4.5,11.600000000000001,129.41600000000008,8.660909822758442e-05,117296.0,4.507483908156403,1513,0.036422881921711274,-0.029659417608145233,1215616.5916666666,35102.0,0.67445479873186664,627.60000000000002,0.20000000000000001,0.40000000000000002,3.6000000000000001,35102.0,0.67445479873186664,547.79999999999995,0.20000000000000001,0.40000000000000002,3.6000000000000001,35102.0,0.67445479873186664,587.70000000000005,0.20000000000000001,0.40000000000000002,3.3999999999999999,5663
2002,1,uncon,24248.0,22359.0,358,857,0.0,2.2000000000000002,6.2999999999999998,17.600000000000001,225.66000000000059,9.230514009039026e-05,27135.0,2.2381227317716923,344,0.00820541399253588,0.021010909592319202,894247.90000000014,37269.0,1.536992741669416,743.0,1.0,1.0,7.0,37269.0,1.536992741669416,610.0,1.0,1.0,7.0,37269.0,1.536992741669416,385.0,0.5,1.0,7.0,2301
2002,1,con,15190.0,22359.0,175,419,0.0,3.2000000000000002,9.0,26.674999999999997,357.10999999999984,0.00019081928898425374,22013.0,2.8983541803818302,344,0.012747303828681812,-0.014046246614647475,817412.89999999991,31628.0,2.0821593153390388,743.0,1.0,2.0,11.0,31628.0,2.0821593153390388,610.0,1.0,1.0,11.0,31628.0,2.0821593153390388,385.0,0.5,1.5,10.5,1920
2002,2,uncon,34862.0,22229.0,529,1424,0.0,1.8,5.2000000000000002,14.0,172.36874999999964,8.102858600076798e-05,49238.0,2.8247375365727727,578,0.016140897529927034,0.0043237029224792696,999062.34999999998,35198.0,1.0096380012621191,396.5,0.5,0.5,5.0,35198.0,1.0096380012621191,567.0,0.5,0.5,5.0,35198.0,1.0096380012621191,397.5,0.25,0.75,5.0,2662
2002,2,con,26115.0,22229.0,322,899,0.0,2.3500000000000001,6.5999999999999996,18.199999999999999,222.44749999999857,0.00012993001964566882,44304.0,3.392992533026996,578,0.021083820397791147,-0.013705265649345849,950683.80000000005,32493.5,1.2442466015699789,396.5,0.5,1.0,6.5,32493.5,1.2442466015699789,567.0,0.5,1.0,6.0,32493.5,1.2442466015699789,397.5,0.5,0.75,6.5,2881
2002,3,uncon,43757.0,22415.333333333332,698,2109,0.0,1.6000000000000001,4.5999999999999996,12.199999999999999,144.33666666666662,7.633323481688923e-05,73075.0,3.340037022647805,905,0.023756673682132627,-0.013153982022550571,1086454.9666666668,36314.0,0.82990150147404984,674.66666666666663,0.33333333333333331,0.66666666666666663,4.333333333333333,36314.0,0.82990150147404984,683.66666666666663,0.33333333333333331,0.66666666666666663,4.0,36314.000000000007,0.82990150147405006,483.33333333333331,0.16666666666666666,0.5,4.166666666666667,3119
2002,3,con,35304.0,22415.333333333332,462,1452,0.0,2.0,5.5,14.800000000000001,180.0,0.00010966214412140525,68338.0,3.8714026739179697,905,0.028673448815311222,-0.024419702094189234,1049796.7333333334,34555.0,0.97878427373668708,674.66666666666663,0.33333333333333331,0.66666666666666663,5.0,34555.0,0.97878427373668708,683.66666666666663,0.33333333333333331,0.66666666666666663,5.0,34555.0,0.97878427373668708,483.33333333333331,0.33333333333333331,0.66666666666666663,5.166666666666667,3743
2002,4,uncon,51630.0,22682.75,872,2925,0.0,1.3999999999999999,4.0999999999999996,11.0,125.61000000000058,7.30408219818683e-05,97349.0,3.771024598101879,1259,0.02987475351085175,-0.026133705026652548,1161060.9916666665,36168.0,0.70052295177222546,537.25,0.25,0.5,3.5,36168.0,0.70052295177222546,512.75,0.25,0.5,3.5,36168.0,0.70052295177222546,362.5,0.25,0.375,3.625,4088
2002,4,con,43318.0,22682.75,615,2085,0.0,1.7,4.9000000000000004,12.972916666666666,154.06499999999943,9.886773927409176e-05,92758.0,4.282653862135833,1259,0.03500315935866407,-0.033971289060986239,1131465.8083333331,34903.25,0.80574472505655848,537.25,0.25,0.5,4.25,34903.25,0.80574472505655848,512.75,0.25,0.5,4.25,34903.25,0.80574472505655848,362.5,0.25,0.5,4.25,4730
2002,5,uncon,60031.0,22923.0,1046,3994,0.0,1.2,3.7999999999999998,10.0,113.73999999999999,6.94199606620593e-05,125083.0,4.16728023854342,1630,0.03439694047352359,-0.035142411136488527,1232644.6083333334,37285.599999999999,0.62110576202295475,442.0,0.20000000000000001,0.40000000000000002,3.2000000000000002,37285.599999999999,0.62110576202295475,421.60000000000002,0.20000000000000001,0.40000000000000002,3.2000000000000002,37285.599999999999,0.62110576202295475,341.0,0.20000000000000001,0.40000000000000002,3.2999999999999998,5372
2002,5,con,51642.0,22923.0,786,2948,0.0,1.5,4.4000000000000004,11.566666666666668,131.27312499999988,9.036072332378738e-05,120489.0,4.666318113163704,1630,0.03968764571923548,-0.041079893637950907,1206408.75,36269.799999999996,0.70233143565315048,442.0,0.20000000000000001,0.40000000000000002,3.7999999999999998,36269.800000000003,0.70233143565315059,421.60000000000002,0.20000000000000001,0.40000000000000002,3.7999999999999998,36269.800000000003,0.70233143565315059,341.0,0.20000000000000001,0.40000000000000002,3.7999999999999998,6117
2003,1,uncon,20628.0,22099.0,282,740,0.0,2.1000000000000001,6.4000000000000004,19.399999999999999,262.0,0.00011310624262133708,24063.0,2.33304246655032,298,0.01158572320336736,0.015835819545274198,851111.5,33127.0,1.6059239868140391,383.0,1.0,1.0,8.0,33127.0,1.6059239868140391,1127.0,1.0,1.0,8.0,33127.0,1.6059239868140391,680.0,0.5,1.0,7.5,2079
2003,1,con,13341.0,22099.0,131,386,0.0,3.1000000000000001,9.3000000000000007,29.0,390.75,0.00022438746895947124,19967.0,2.993328835919346,298,0.01706446030325526,-0.021180100370511341,789478.19999999995,28680.0,2.1497638857656849,383.0,1.0,2.0,11.0,28680.0,2.1497638857656849,1127.0,1.0,1.0,11.0,28680.0,2.1497638857656849,680.0,0.5,1.5,11.5,1773
2003,2,uncon,32121.0,22443.5,504,1492,0.0,1.7,5.0,14.300000000000001,185.09999999999999,9.427304437226252e-05,48632.0,3.0280501852370723,645,0.021538908919319946,-0.012460363045444567,973070.30000000005,35836.5,1.1156719902867283,1012.0,0.5,0.5,5.5,35836.5,1.1156719902867283,1012.0,0.5,0.5,5.5,35836.5,1.1156719902867283,532.5,0.25,0.75,5.5,2664
2003,2,con,24666.0,22443.5,299,964,0.0,2.2999999999999998,6.5,18.5,235.16874999999999,0.00014614384606479605,44456.0,3.6046379631881944,645,0.027343359012303385,-0.028609436693687637,937209.54999999993,33523.0,1.3590772723587123,1012.0,0.5,1.0,7.0,33523.0,1.3590772723587123,1012.0,0.5,1.0,7.0,33523.0,1.3590772723587123,532.5,0.5,0.75,7.0,2894
2003,3,uncon,41098.0,22790.666666666668,695,2353,0.0,1.3999999999999999,4.2999999999999998,12.0,151.9574999999997,8.675169277493923e-05,73262.0,3.5652343179716777,1012,0.029124536790088466,-0.028433233674659379,1058318.8833333333,35801.0,0.8711129495352572,716.33333333333337,0.33333333333333331,0.66666666666666663,4.333333333333333,35801.0,0.8711129495352572,674.66666666666663,0.33333333333333331,0.66666666666666663,4.666666666666667,35800.999999999993,0.87111294953525698,388.16666666666669,0.16666666666666666,0.5,4.5,3333
2003,3,con,33633.0,22790.666666666668,465,1603,0.0,1.8,5.2999999999999998,14.9,187.0,0.00012221774675731775,69123.0,4.11042725894211,1012,0.0349823153747527,-0.038230276524322426,1031241.9,34280.333333333328,1.019246969742019,716.33333333333337,0.33333333333333331,0.66666666666666663,5.333333333333333,34280.333333333328,1.019246969742019,674.66666666666663,0.33333333333333331,0.66666666666666663,5.333333333333333,34280.333333333336,1.0192469697420192,388.16666666666669,0.33333333333333331,0.66666666666666663,5.333333333333333,3936
2003,4,uncon,50185.0,23064.0,880,3450,0.0,1.2,3.8000000000000003,10.549999999999999,129.08500000000004,8.040710077320958e-05,101252.0,4.0351499452027495,1393,0.03479222883402433,-0.037996631285375428,1135109.1500000001,37289.75,0.74304573079605463,552.5,0.25,0.5,4.0,37289.75,0.74304573079605463,506.0,0.25,0.5,4.0,37289.75,0.74304573079605463,374.125,0.25,0.375,3.875,4626
2003,4,con,42639.0,23064.0,643,2483,0.0,1.5666666666666667,4.5999999999999996,12.5,153.74333333332663,0.00010680613207194883,97089.0,4.5539998592837545,1393,0.04057430999872215,-0.044890829367683273,1112821.125,36139.75,0.84757499003259928,552.5,0.25,0.5,4.5,36139.75,0.84757499003259928,506.0,0.25,0.5,4.5,36139.75,0.84757499003259928,374.125,0.25,0.5,4.625,5174
2003,5,uncon,58652.0,21646.400000000001,1104,4611,0.0,1.1000000000000001,3.5,9.6500000000000004,117.73399999999964,7.455352192117788e-05,128232.0,4.372638614199004,1657,0.038687925791872885,-0.042241677737749957,1212144.4366666665,37913.199999999997,0.64640932960512854,454.60000000000002,0.20000000000000001,0.40000000000000002,3.3999999999999999,37913.200000000004,0.64640932960512865,469.19999999999999,0.20000000000000001,0.40000000000000002,3.3999999999999999,37913.199999999997,0.64640932960512854,346.5,0.20000000000000001,0.40000000000000002,3.3999999999999999,5964
2003,5,con,50657.0,21646.400000000001,830,3373,0.0,1.3999999999999999,4.1999999999999993,11.200000000000001,135.45999999999987,9.652774046190355e-05,123849.0,4.889709220838186,1657,0.04443527166784964,-0.047897621503952902,1191869.5700000003,36943.0,0.72927729632627281,454.60000000000002,0.20000000000000001,0.40000000000000002,4.0,36943.0,0.72927729632627281,469.19999999999999,0.20000000000000001,0.40000000000000002,4.0,36943.0,0.72927729632627281,346.5,0.20000000000000001,0.40000000000000002,4.0,6576
2004,1,uncon,21386.0,22788.0,324,885,0.0,2.1000000000000001,6.2999999999999998,19.300000000000001,250.875,0.00011681035019031044,26711.0,2.4979893388197887,432,0.014089312078343331,-0.0032733671357396141,862580.20000000007,38546.0,1.8023940895913215,2024.0,1.0,1.0,9.0,38546.0,1.8023940895913215,1981.0,1.0,1.0,9.0,38546.0,1.8023940895913215,1021.5,0.5,1.0,8.5,2259
2004,1,con,14517.0,22788.0,154,487,0.0,3.1000000000000001,9.0999999999999996,28.5,364.81000000000114,0.0002173979355794851,22906.0,3.1557484328718055,432,0.020549288978952283,-0.031103233015456939,809532.89999999991,34341.0,2.3655713990493905,2024.0,1.0,2.0,12.0,34341.0,2.3655713990493905,1981.0,1.0,2.0,12.0,34341.0,2.3655713990493905,1021.5,1.0,1.5,11.5,2096
2004,2,uncon,32519.0,23136.5,549,1787,0.0,1.6000000000000001,4.9000000000000004,14.15,183.15999999999985,9.841762759194513e-05,52036.0,3.200344414034872,813,0.024417129974065546,-0.026900012460576942,975268.34999999998,37138.0,1.1420400381315539,1074.5,0.5,0.5,6.0,37138.0,1.1420400381315539,990.5,0.5,0.5,6.0,37138.0,1.1420400381315539,553.75,0.25,0.75,5.75,2956
2004,2,con,25275.0,23136.5,330,1125,0.0,2.1000000000000001,6.2000000000000002,18.399999999999999,233.51499999999979,0.00015040066900401668,48038.0,3.801226508407517,813,0.031138304634090477,-0.040418784449103996,943223.34999999998,34967.5,1.3834817012858556,1074.5,0.5,1.0,7.5,34967.5,1.3834817012858556,990.5,0.5,1.0,7.0,34967.5,1.3834817012858556,553.75,0.5,0.75,7.0,3192
2004,3,uncon,42698.0,23385.666666666668,749,2925,0.0,1.3,4.0999999999999996,11.6,143.70499999999979,8.826288939077579e-05,80455.0,3.768560588317954,1212,0.03161469292888354,-0.037621616370476917,1061381.7833333332,38677.333333333336,0.90583477758521092,736.66666666666663,0.33333333333333331,0.66666666666666663,4.666666666666667,38677.333333333336,0.90583477758521092,660.33333333333337,0.33333333333333331,0.66666666666666663,4.666666666666667,38677.333333333328,0.90583477758521069,442.83333333333331,0.16666666666666666,0.5,4.833333333333333,3958
2004,3,con,35216.0,23385.666666666668,522,2012,0.0,1.7000000000000002,5.0999999999999996,14.199999999999999,176.47916666666669,0.00012309017824755738,76324.0,4.334620626987733,1212,0.038009734931398705,-0.046377652634971393,1036380.65,37169.000000000007,1.0554577464788735,736.66666666666663,0.33333333333333331,0.66666666666666663,5.666666666666667,37169.0,1.0554577464788732,660.33333333333337,0.33333333333333331,0.66666666666666663,5.666666666666667,37169.000000000007,1.0554577464788735,442.83333333333331,0.33333333333333331,0.66666666666666663,5.666666666666667,4527
2004,4,uncon,51710.0,21533.25,995,4108,0.0,1.1000000000000001,3.7000000000000002,10.300000000000001,127.40333333333353,8.05401188199561e-05,107677.0,4.16464900406111,1481,0.036474658635302186,-0.042176799269062003,1142112.3083333333,39109.75,0.75632856314059171,568.25,0.25,0.5,4.0,39109.75,0.75632856314059171,495.25,0.25,0.5,4.0,39109.75,0.75632856314059171,391.125,0.25,0.375,4.0,5329
2004,4,con,43746.0,21533.25,718,2902,0.0,1.5,4.5,12.300000000000001,151.234375,0.00010794658053598273,103287.0,4.722123165546564,1481,0.04264628990151047,-0.049056583092359281,1120083.5750000002,37901.75,0.86640492845060124,568.25,0.25,0.5,4.75,37901.75,0.86640492845060124,495.25,0.25,0.5,4.75,37901.75,0.86640492845060124,391.125,0.25,0.5,4.625,5808
2004,5,uncon,,,,,,,,,,,,,,,,,,,,,,,,,,,,,,,,,,,
2004,5,con,,,,,,,,,,,,,,,,,,,,,,,,,,,,,,,,,,,
2005,1,uncon,21162.0,23485.0,323,1071,0.0,1.8999999999999999,6.0999999999999996,19.699999999999999,255.29249999999956,0.0001238786845327983,27737.0,2.6213968433985446,465,0.015380420737711849,-0.013295250480014982,861165.79999999993,35730.0,1.6884037425574143,740.0,1.0,1.0,9.0,35730.0,1.6884037425574143,982.0,1.0,1.0,8.0,35730.0,1.6884037425574143,639.5,0.5,1.0,8.5,2414
2005,1,con,14790.0,23485.0,170,556,0.0,3.0,8.9000000000000004,28.5,365.63749999999982,0.00022189070134222066,24267.0,3.2815415821501013,465,0.02200679267420268,-0.037421974552371277,816333.09999999998,32039.0,2.1662609871534819,740.0,1.0,2.0,12.0,32039.0,2.1662609871534819,982.0,1.0,2.0,11.0,32039.0,2.1662609871534819,639.5,0.5,1.5,11.5,2133
2005,2,uncon,33856.0,23684.5,569,2293,0.0,1.3999999999999999,4.5999999999999996,13.550000000000001,177.54374999999999,9.95589859902358e-05,57057.0,3.370569470699433,891,0.02488677073943834,-0.031209457440682809,975805.09999999998,38743.0,1.1443466446124764,406.0,0.5,0.5,6.0,38743.0,1.1443466446124764,508.5,0.5,0.5,6.0,38743.0,1.1443466446124764,359.75,0.25,0.75,6.25,3545
2005,2,con,26659.0,23684.5,372,1447,0.0,2.0,6.0,17.5,227.77499999999964,0.00014939305178530524,53085.0,3.9825199744926665,891,0.031374014159861865,-0.043899084483406896,946879.25,36590.0,1.3725195993848232,406.0,0.5,1.0,7.5,36590.0,1.3725195993848232,508.5,0.5,1.0,7.5,36590.0,1.3725195993848232,359.75,0.5,0.75,7.5,3653
2005,3,uncon,43908.0,21115.0,823,3510,0.0,1.2,4.0,11.300000000000001,145.0,8.788151011266352e-05,84712.0,3.8586134645167167,1222,0.03235359887201902,-0.037673898358500206,1063978.1499999999,39297.666666666672,0.89500015183261983,448.66666666666669,0.33333333333333331,0.66666666666666663,5.0,39297.666666666664,0.89500015183261972,471.33333333333331,0.33333333333333331,0.66666666666666663,5.0,39297.666666666664,0.89500015183261972,358.83333333333331,0.16666666666666666,0.5,4.833333333333333,4586
2005,3,con,36184.0,21115.0,561,2355,0.0,1.6000000000000001,5.0,13.933333333333332,177.25666666666609,0.00012289213815327397,80448.0,4.446606234799911,1222,0.03893751803576007,-0.046672329331290452,1040276.8333333335,37740.666666666672,1.0430208563637704,448.66666666666669,0.33333333333333331,0.66666666666666663,6.0,37740.666666666664,1.0430208563637704,471.33333333333331,0.33333333333333331,0.66666666666666663,5.666666666666667,37740.666666666664,1.0430208563637704,358.83333333333331,0.33333333333333331,0.66666666666666663,5.833333333333333,5014
2005,4,uncon,,,,,,,,,,,,,,,,,,,,,,,,,,,,,,,,,,,
2005,4,con,,,,,,,,,,,,,,,,,,,,,,,,,,,,,,,,,,,
2005,5,uncon,,,,,,,,,,,,,,,,,,,,,,,,,,,,,,,,,,,
2005,5,con,,,,,,,,,,,,,,,,,,,,,,,,,,,,,,,,,,,
2006,1,uncon,23087.0,23884.0,344,1415,0.0,1.8,5.9000000000000004,18.199999999999999,251.84999999999854,0.00012026196191594968,32049.0,2.776367652791614,535,0.016660779928633438,-0.016801903365759922,894460.79999999993,41756.0,1.8086368952224194,535.0,1.0,1.0,10.0,41756.0,1.8086368952224194,561.0,1.0,1.0,10.0,41756.0,1.8086368952224194,353.5,0.5,1.0,9.9249999999992724,2994
2006,1,con,16370.0,23884.0,181,753,0.0,2.7000000000000002,8.5,26.600000000000001,345.54999999999927,0.00021169535677511908,28363.0,3.4652412950519245,535,0.02313056971364444,-0.039893516554382585,853515.5,37801.0,2.3091631032376299,535.0,1.0,2.0,13.774999999999636,37801.0,2.3091631032376299,561.0,1.0,2.0,13.0,37801.0,2.3091631032376299,353.5,0.5,1.5,13.0,2652
2006,2,uncon,35324.0,19930.0,640,2707,0.0,1.3,4.5,13.199999999999999,179.99249999999955,9.711403229467702e-05,60587.0,3.430358962744876,922,0.027072530893626257,-0.028655971941106608,1004884.4500000001,41081.5,1.1629911674782019,495.5,0.5,0.5,6.5,41081.5,1.1629911674782019,506.0,0.5,0.5,6.5,41081.5,1.1629911674782019,385.25,0.25,0.75,6.25,4028
2006,2,con,27717.0,19930.0,397,1670,0.0,1.8999999999999999,5.9000000000000004,17.0,227.0,0.00014680208042346316,56387.0,4.068766461016705,922,0.03387127327223198,-0.041820190102489677,975237.30000000005,38806.5,1.4000974131399502,495.5,0.5,1.0,8.0,38806.5,1.4000974131399502,506.0,0.5,1.0,8.0,38806.5,1.4000974131399502,385.25,0.5,0.75,8.0,4146
2006,3,uncon,,,,,,,,,,,,,,,,,,,,,,,,,,,,,,,,,,,
2006,3,con,,,,,,,,,,,,,,,,,,,,,,,,,,,,,,,,,,,
2006,4,uncon,,,,,,,,,,,,,,,,,,,,,,,,,,,,,,,,,,,
2006,4,con,,,,,,,,,,,,,,,,,,,,,,,,,,,,,,,,,,,
2006,5,uncon,,,,,,,,,,,,,,,,,,,,,,,,,,,,,,,,,,,
2006,5,con,,,,,,,,,,,,,,,,,,,,,,,,,,,,,,,,,,,
2007,1,uncon,22942.0,19180.0,401,1518,0.0,1.7,5.7999999999999998,18.600000000000001,263.28499999999917,0.00012011496851959158,31609.0,2.7555574928079505,567,0.01644124109439932,-0.0093047229772378129,901739.5,40407.0,1.7612675442420016,539.0,1.0,1.0,9.0,40407.0,1.7612675442420016,510.0,1.0,1.0,10.0,40407.0,1.7612675442420016,417.0,0.5,1.0,9.5,3109
2007,1,con,15949.0,19180.0,208,779,0.0,2.7000000000000002,8.6999999999999993,27.699999999999999,364.11999999999972,0.0002182621767027874,27758.0,3.480845194056054,567,0.023367919818653802,-0.033907578429038368,856695.19999999995,36244.0,2.2724935732647813,539.0,1.0,2.0,13.0,36244.0,2.2724935732647813,510.0,1.0,2.0,13.0,36244.0,2.2724935732647813,417.0,0.5,1.5,13.0,2616
2007,2,uncon,,,,,,,,,,,,,,,,,,,,,,,,,,,,,,,,,,,
2007,2,con,,,,,,,,,,,,,,,,,,,,,,,,,,,,,,,,,,,
2007,3,uncon,,,,,,,,,,,,,,,,,,,,,,,,,,,,,,,,,,,
2007,3,con,,,,,,,,,,,,,,,,,,,,,,,,,,,,,,,,,,,
2007,4,uncon,,,,,,,,,,,,,,,,,,,,,,,,,,,,,,,,,,,
2007,4,con,,,,,,,,,,,,,,,,,,,,,,,,,,,,,,,,,,,
2007,5,uncon,,,,,,,,,,,,,,,,,,,,,,,,,,,,,,,,,,,
2007,5,con,,,,,,,,,,,,,,,,,,,,,,,,,,,,,,,,,,,
